City_ID,City,Lat,Lng,Max Temp,Humidity,Cloudiness,Wind Speed,Country,Date
0,Klaksvik,62.2266,-6.589,47.32,85,39,11.81,FO,2022-07-25 23:41:38
1,Rigaud,45.4793,-74.3024,75.18,73,0,12.33,CA,2022-07-25 23:41:04
2,Jamestown,42.097,-79.2353,71.19,59,0,11.5,US,2022-07-25 23:39:45
3,Ostrovnoy,68.0531,39.5131,51.4,82,43,8.95,RU,2022-07-25 23:41:38
4,Kapaa,22.0752,-159.319,84.18,63,100,16.11,US,2022-07-25 23:41:39
5,Tual,-5.6667,132.75,79.72,83,42,20.69,ID,2022-07-25 23:41:39
6,Flinders,-34.5833,150.8552,61.05,89,84,5.01,AU,2022-07-25 23:41:40
7,Carnarvon,-24.8667,113.6333,61.25,40,0,8.52,AU,2022-07-25 23:41:40
8,Upernavik,72.7868,-56.1549,39.67,88,46,10.2,GL,2022-07-25 23:36:55
9,Bredasdorp,-34.5322,20.0403,46.9,67,0,4.56,ZA,2022-07-25 23:41:41
10,San Quintin,30.4833,-115.95,72.19,70,1,11.83,MX,2022-07-25 23:41:41
11,Nimaparha,20.0667,86.0167,80.33,86,87,5.28,IN,2022-07-25 23:41:42
12,Tila,17.4,-92.4833,76.17,86,93,3.06,MX,2022-07-25 23:41:42
13,Hithadhoo,-0.6,73.0833,81.9,75,15,10.42,MV,2022-07-25 23:41:43
14,Ushuaia,-54.8,-68.3,33.46,80,40,25.32,AR,2022-07-25 23:40:21
15,Albany,42.6001,-73.9662,78.06,60,43,10.96,US,2022-07-25 23:41:43
16,Kashi,39.4547,75.9797,83.41,21,0,6.71,CN,2022-07-25 23:41:44
17,Anshan,41.1236,122.99,79.03,74,99,6.46,CN,2022-07-25 23:41:44
18,Hilo,19.7297,-155.09,90.28,80,75,9.22,US,2022-07-25 23:39:47
19,Cape Town,-33.9258,18.4232,59.38,71,0,5.01,ZA,2022-07-25 23:41:45
20,Mataura,-46.1927,168.8643,45.48,97,100,10.71,NZ,2022-07-25 23:41:47
21,Tasiilaq,65.6145,-37.6368,44.76,89,100,3.02,GL,2022-07-25 23:41:47
22,Yellowknife,62.456,-114.3525,72.12,37,40,16.11,CA,2022-07-25 23:40:16
23,Butaritari,3.0707,172.7902,82.72,69,94,16.89,KI,2022-07-25 23:41:48
24,Vila Franca Do Campo,37.7167,-25.4333,72.01,93,43,3.31,PT,2022-07-25 23:41:48
25,Avarua,-21.2078,-159.775,71.65,64,75,5.75,CK,2022-07-25 23:40:54
26,Port Harcourt,4.7774,7.0134,73.09,95,100,4.29,NG,2022-07-25 23:41:49
27,Hermanus,-34.4187,19.2345,49.8,56,0,8.66,ZA,2022-07-25 23:41:49
28,Horasan,40.0458,42.1728,53.33,72,0,2.51,TR,2022-07-25 23:41:50
29,Hobart,-42.8794,147.3294,53.26,95,75,0.0,AU,2022-07-25 23:37:06
30,Punta Arenas,-53.15,-70.9167,32.11,69,0,11.5,CL,2022-07-25 23:41:50
31,Saint-Pierre,-21.3393,55.4781,67.91,67,0,4.61,RE,2022-07-25 23:41:51
32,Moses Lake,47.1301,-119.2781,103.87,15,0,9.22,US,2022-07-25 23:41:51
33,Saskylakh,71.9167,114.0833,72.88,62,79,6.44,RU,2022-07-25 23:41:52
34,Wolgast,54.05,13.7667,64.06,93,100,9.89,DE,2022-07-25 23:41:52
35,Rikitea,-23.1203,-134.9692,75.61,73,72,14.16,PF,2022-07-25 23:41:52
36,Hasaki,35.7333,140.8333,79.2,85,66,19.17,JP,2022-07-25 23:41:53
37,Sao Filipe,14.8961,-24.4956,78.57,88,89,4.54,CV,2022-07-25 23:41:36
38,Coquimbo,-29.9533,-71.3436,53.33,82,20,5.75,CL,2022-07-25 23:38:01
39,Chuy,-33.6971,-53.4616,57.54,97,100,7.27,UY,2022-07-25 23:41:25
40,Vaini,-21.2,-175.2,78.96,83,20,9.22,TO,2022-07-25 23:41:54
41,Kruisfontein,-34.0033,24.7314,45.88,75,0,6.13,ZA,2022-07-25 23:41:54
42,Neiafu,-18.65,-173.9833,79.48,57,40,11.5,TO,2022-07-25 23:41:55
43,Korla,41.7597,86.1469,79.59,30,18,5.86,CN,2022-07-25 23:41:55
44,Teguldet,57.3064,88.1667,52.34,95,9,2.26,RU,2022-07-25 23:41:56
45,Tres Arroyos,-38.3739,-60.2798,53.2,91,100,11.05,AR,2022-07-25 23:41:56
46,Kaitangata,-46.2817,169.8464,45.54,92,100,17.22,NZ,2022-07-25 23:42:56
47,Nantucket,41.2835,-70.0995,80.71,94,100,16.11,US,2022-07-25 23:42:57
48,Porbandar,21.6422,69.6093,81.86,79,100,16.11,IN,2022-07-25 23:42:57
49,Petauke,-14.2426,31.3253,61.48,48,53,13.58,ZM,2022-07-25 23:42:58
50,Hovd,48.0056,91.6419,57.9,44,3,4.12,MN,2022-07-25 23:42:03
51,Busselton,-33.65,115.3333,61.66,76,91,19.04,AU,2022-07-25 23:40:33
52,Zhangye,38.9342,100.4517,75.06,35,97,4.52,CN,2022-07-25 23:42:59
53,Tiksi,71.6872,128.8694,51.33,81,44,6.08,RU,2022-07-25 23:42:59
54,Bara,10.3744,10.7288,73.47,91,87,13.15,NG,2022-07-25 23:43:00
55,Calabar,4.9517,8.322,72.18,96,100,0.36,NG,2022-07-25 23:43:00
56,Turan,16.0678,108.2208,76.98,88,0,4.61,VN,2022-07-25 23:43:01
57,Sajanan,37.0573,9.2426,72.52,36,0,1.61,TN,2022-07-25 23:43:01
58,Kerema,-7.9631,145.7785,80.67,83,68,2.8,PG,2022-07-25 23:43:02
59,Goderich,43.7501,-81.7165,68.92,56,0,3.44,CA,2022-07-25 23:43:02
60,Aklavik,68.2191,-135.0107,75.56,36,46,14.27,CA,2022-07-25 23:43:02
61,Margate,51.3813,1.3862,65.3,68,72,5.99,GB,2022-07-25 23:43:03
62,Faanui,-16.4833,-151.75,77.76,76,44,10.65,PF,2022-07-25 23:41:17
63,Souillac,-20.5167,57.5167,68.38,88,40,10.36,MU,2022-07-25 23:43:03
64,Port Elizabeth,-33.918,25.5701,57.49,80,0,13.8,ZA,2022-07-25 23:40:55
65,Harqalah,36.0303,10.509,82.26,78,0,3.44,TN,2022-07-25 23:43:04
66,San Onofre,9.7359,-75.5263,78.51,86,99,6.78,CO,2022-07-25 23:43:05
67,Saurimo,-9.6608,20.3916,61.5,35,2,5.97,AO,2022-07-25 23:43:05
68,Alyangula,-13.8483,136.4192,75.56,68,0,12.21,AU,2022-07-25 23:43:05
69,Bluff,-46.6,168.3333,45.81,89,100,26.69,NZ,2022-07-25 23:43:06
70,Berlevag,70.8578,29.0864,55.2,93,100,17.27,NO,2022-07-25 23:43:06
71,Camacha,33.0833,-16.3333,69.22,88,40,16.11,PT,2022-07-25 23:43:07
72,Kodiak,57.79,-152.4072,63.91,55,100,9.22,US,2022-07-25 23:43:07
73,Ferrol,43.4832,-8.2369,66.27,92,2,7.56,ES,2022-07-25 23:43:08
74,Karasjok,69.4719,25.5112,53.08,96,100,4.29,NO,2022-07-25 23:43:08
75,Puerto Ayora,-0.7393,-90.3518,70.56,91,100,5.01,EC,2022-07-25 23:43:09
76,Champerico,14.3,-91.9167,88.34,77,63,5.7,GT,2022-07-25 23:41:54
77,Merauke,-8.4667,140.3333,80.06,72,74,13.4,ID,2022-07-25 23:43:09
78,Ivanino,51.6434,35.5769,61.12,96,31,5.84,RU,2022-07-25 23:43:10
79,Bengkulu,-3.8004,102.2655,72.97,84,100,2.98,ID,2022-07-25 23:43:10
80,Santa Isabel,-23.3156,-46.2214,68.76,81,30,0.36,BR,2022-07-25 23:43:10
81,Provideniya,64.3833,-173.3,50.11,62,75,15.66,RU,2022-07-25 23:43:11
82,Qaanaaq,77.484,-69.3632,43.43,68,3,0.81,GL,2022-07-25 23:43:11
83,Chokurdakh,70.6333,147.9167,58.05,40,100,14.79,RU,2022-07-25 23:43:12
84,Ponta Do Sol,32.6667,-17.1,81.23,52,59,5.46,PT,2022-07-25 23:43:12
85,Usogorsk,63.4106,48.6872,46.45,82,40,2.77,RU,2022-07-25 23:43:13
86,Andros Town,24.7,-77.7667,82.36,72,23,17.2,BS,2022-07-25 23:43:13
87,Klaipeda,55.7172,21.1175,66.25,77,100,18.63,LT,2022-07-25 23:40:28
88,New Norfolk,-42.7826,147.0587,53.92,87,99,1.25,AU,2022-07-25 23:43:14
89,Mitu,1.1983,-70.1733,71.04,98,69,2.15,CO,2022-07-25 23:43:14
90,Castro,-24.7911,-50.0119,59.7,72,94,2.13,BR,2022-07-25 23:39:33
91,Dobele,56.625,23.2786,60.24,90,84,6.85,LV,2022-07-25 23:43:15
92,Porto Novo,6.4965,2.6036,78.62,87,80,7.38,BJ,2022-07-25 23:43:15
93,Rocha,-34.4833,-54.3333,59.02,97,100,9.55,UY,2022-07-25 23:43:16
94,Sherlovaya Gora,50.5667,116.25,63.81,88,100,11.92,RU,2022-07-25 23:44:16
95,Lagoa,39.05,-27.9833,73.67,90,0,9.6,PT,2022-07-25 23:44:17
96,Katsuura,35.1333,140.3,80.33,88,96,19.26,JP,2022-07-25 23:44:17
97,Nome,64.5011,-165.4064,53.67,94,100,12.66,US,2022-07-25 23:42:55
98,Pevek,69.7008,170.3133,37.96,75,89,12.88,RU,2022-07-25 23:41:16
99,Iqaluit,63.7506,-68.5145,47.93,81,20,10.36,CA,2022-07-25 23:40:39
100,Banda Aceh,5.5577,95.3222,77.5,84,100,8.37,ID,2022-07-25 23:44:19
101,Clearwater,27.9659,-82.8001,90.1,75,75,6.91,US,2022-07-25 23:44:19
102,Lata,40.1629,-8.3327,59.47,97,0,2.57,PT,2022-07-25 23:40:51
103,Mutsu,41.2894,141.2169,76.82,77,53,2.82,JP,2022-07-25 23:44:20
104,Ulma,48.3984,9.9916,74.01,68,100,5.97,DE,2022-07-25 23:44:20
105,Mar Del Plata,-38.0023,-57.5575,55.09,95,100,17.0,AR,2022-07-25 23:44:16
106,Baykit,61.67,96.37,65.07,71,100,2.37,RU,2022-07-25 23:44:21
107,Padang,-0.9492,100.3543,73.45,91,100,2.73,ID,2022-07-25 23:44:21
108,Sobolevo,54.4299,31.8996,56.32,96,27,5.79,RU,2022-07-25 23:44:22
109,Atuona,-9.8,-139.0333,77.68,66,18,10.47,PF,2022-07-25 23:43:24
110,Buala,-8.145,159.5921,83.91,72,55,7.96,SB,2022-07-25 23:44:23
111,Namibe,-15.1961,12.1522,61.29,86,5,8.3,AO,2022-07-25 23:44:23
112,Khatanga,71.9667,102.5,71.87,41,13,5.03,RU,2022-07-25 23:40:33
113,Tuatapere,-46.1333,167.6833,45.0,94,100,13.94,NZ,2022-07-25 23:44:24
114,Clyde River,70.4692,-68.5914,41.23,93,100,6.91,CA,2022-07-25 23:44:24
115,Narsaq,60.9167,-46.05,53.82,91,100,2.3,GL,2022-07-25 23:44:25
116,Rio Cuarto,-33.1307,-64.3499,62.67,100,100,10.36,AR,2022-07-25 23:40:18
117,Samarai,-10.6167,150.6667,79.88,75,75,16.42,PG,2022-07-25 23:41:37
118,Lebu,-37.6167,-73.65,53.42,85,78,25.39,CL,2022-07-25 23:41:50
119,Port Alfred,-33.5906,26.891,52.18,82,0,1.01,ZA,2022-07-25 23:44:26
120,Liberty,31.8335,-81.5004,89.28,43,75,9.22,US,2022-07-25 23:44:26
121,Coria,39.9879,-6.5377,74.93,46,0,4.7,ES,2022-07-25 23:44:27
122,Sinnamary,5.3833,-52.95,79.0,86,91,8.37,GF,2022-07-25 23:40:38
123,Bairiki,1.3292,172.9752,86.0,66,20,13.8,KI,2022-07-25 23:42:48
124,Taoudenni,22.6783,-3.9836,100.0,11,0,10.56,ML,2022-07-25 23:44:27
125,Ilulissat,69.2167,-51.1,46.42,87,75,4.61,GL,2022-07-25 23:44:28
126,Lavrentiya,65.5833,-171.0,41.34,85,100,16.46,RU,2022-07-25 23:44:20
127,Sorland,67.667,12.6934,53.46,87,96,16.06,NO,2022-07-25 23:42:50
128,Mount Gambier,-37.8333,140.7667,51.37,60,87,14.34,AU,2022-07-25 23:44:29
129,Nyurba,63.2842,118.3319,77.97,65,18,7.58,RU,2022-07-25 23:44:30
130,Lafiagi,8.8667,5.4167,73.76,97,100,4.32,NG,2022-07-25 23:44:30
131,Thompson,55.7435,-97.8558,60.96,94,75,4.61,CA,2022-07-25 23:41:07
132,Leningradskiy,69.3833,178.4167,34.34,90,100,6.11,RU,2022-07-25 23:41:30
133,Capitao Poco,-1.7464,-47.0594,75.0,91,99,4.74,BR,2022-07-25 23:44:31
134,East London,-33.0153,27.9116,55.44,70,0,12.08,ZA,2022-07-25 23:40:58
135,Haines Junction,60.7522,-137.5108,71.55,49,99,10.36,CA,2022-07-25 23:41:24
136,Lasa,46.6166,10.7002,67.08,95,88,4.7,IT,2022-07-25 23:44:32
137,Longyearbyen,78.2186,15.6401,48.04,81,75,12.66,SJ,2022-07-25 23:42:01
138,Virginia Beach,36.8529,-75.978,91.02,67,75,13.8,US,2022-07-25 23:45:33
139,Beringovskiy,63.05,179.3167,45.95,75,100,2.17,RU,2022-07-25 23:43:39
140,Agramonte,22.6786,-81.1156,80.15,78,91,13.0,CU,2022-07-25 23:45:33
141,Geraldton,-28.7667,114.6,43.21,81,7,13.8,AU,2022-07-25 23:44:15
142,Burnie,-41.0667,145.9167,52.92,94,62,7.74,AU,2022-07-25 23:45:34
143,Tautira,-17.7333,-149.15,74.08,92,98,8.9,PF,2022-07-25 23:45:34
144,Husavik,66.0449,-17.3389,48.51,83,100,1.07,IS,2022-07-25 23:45:35
145,Ocos,14.5094,-92.1933,83.25,73,78,6.46,GT,2022-07-25 23:45:35
146,Yulara,-25.2406,130.9889,51.22,52,0,17.02,AU,2022-07-25 23:45:36
147,Male,4.1748,73.5089,80.55,89,75,12.66,MV,2022-07-25 23:45:36
148,Cabo San Lucas,22.8909,-109.9124,92.5,61,7,11.99,MX,2022-07-25 23:41:40
149,Mogadishu,2.0371,45.3438,75.54,83,30,17.65,SO,2022-07-25 23:45:37
150,Beloha,-25.1667,45.05,62.85,90,19,5.03,MG,2022-07-25 23:45:37
151,Yar-Sale,66.8333,70.8333,48.07,81,54,15.68,RU,2022-07-25 23:45:38
152,Grandview,38.8858,-94.533,72.99,87,20,14.97,US,2022-07-25 23:45:38
153,Victor Harbor,-35.5667,138.6167,55.0,68,16,13.04,AU,2022-07-25 23:45:39
154,Bambous Virieux,-20.3428,57.7575,68.25,88,40,10.36,MU,2022-07-25 23:45:22
155,Umuarama,-23.7664,-53.325,70.21,49,14,5.5,BR,2022-07-25 23:45:40
156,Kuryk,43.2,51.65,72.63,69,0,6.42,KZ,2022-07-25 23:45:40
157,Chipinge,-20.1883,32.6236,50.94,92,56,3.8,ZW,2022-07-25 23:45:40
158,Vostok,46.4856,135.8833,65.68,89,44,2.26,RU,2022-07-25 23:45:41
159,Dukat,62.55,155.55,66.38,37,51,12.57,RU,2022-07-25 23:45:41
160,Dikson,73.5069,80.5464,43.84,94,99,21.92,RU,2022-07-25 23:44:21
161,Nikolskoye,59.7035,30.7861,61.81,92,68,2.46,RU,2022-07-25 23:45:42
162,Opuwo,-18.0607,13.84,61.32,34,27,5.66,NA,2022-07-25 23:45:42
163,Am Timan,11.0297,20.2827,74.5,94,95,2.95,TD,2022-07-25 23:45:43
164,Bukachacha,52.9833,116.9167,67.95,83,58,4.61,RU,2022-07-25 23:45:43
165,Ilinskiy,55.619,38.1182,66.54,88,0,7.0,RU,2022-07-25 23:45:43
166,Ushtobe,45.2514,77.9838,67.15,28,39,13.94,KZ,2022-07-25 23:45:44
167,Bor,56.3567,44.0669,62.53,94,68,4.16,RU,2022-07-25 23:45:45
168,Coos Bay,43.3665,-124.2179,84.31,81,0,18.41,US,2022-07-25 23:45:43
169,Tura,25.5198,90.2201,73.31,98,100,3.56,IN,2022-07-25 23:45:46
170,Puerto Rondon,6.2805,-71.1,73.09,87,50,3.65,CO,2022-07-25 23:45:46
171,Barrow,71.2906,-156.7887,37.42,87,100,31.07,US,2022-07-25 23:45:26
172,Aksu,41.1231,80.2644,80.29,23,6,4.79,CN,2022-07-25 23:45:47
173,Kuzino,57.0224,59.4412,57.72,94,12,1.74,RU,2022-07-25 23:45:47
174,Neryungri,56.6709,124.6491,75.13,60,8,3.15,RU,2022-07-25 23:45:48
175,Robore,-18.3333,-59.75,77.9,34,3,4.29,BO,2022-07-25 23:45:49
176,Culebra,18.303,-65.301,82.49,97,90,14.0,PR,2022-07-25 23:45:49
177,Bathsheba,13.2167,-59.5167,81.21,93,40,12.66,BB,2022-07-25 23:45:49
178,Luanda,-8.8368,13.2343,69.8,94,75,5.75,AO,2022-07-25 23:45:50
179,Baculin,7.4525,126.5842,79.81,82,100,3.94,PH,2022-07-25 23:45:50
180,Chifeng,42.2683,118.9636,76.75,64,87,9.08,CN,2022-07-25 23:45:51
181,Mahajanga,-15.7167,46.3167,68.02,83,20,4.61,MG,2022-07-25 23:45:51
182,Teya,60.3778,92.6267,56.59,98,100,2.28,RU,2022-07-25 23:45:52
183,Brcko,44.8728,18.8083,65.77,38,0,4.05,BA,2022-07-25 23:45:52
184,Turhal,40.3875,36.0811,57.42,88,0,1.57,TR,2022-07-25 23:45:53
185,San Policarpo,12.1791,125.5072,82.18,75,99,5.97,PH,2022-07-25 23:46:53
186,Paita,-5.0892,-81.1144,64.22,87,24,16.42,PE,2022-07-25 23:46:53
187,Acapulco,16.8634,-99.8901,85.82,66,40,9.22,MX,2022-07-25 23:46:54
188,Lima,-12.0432,-77.0282,63.9,78,100,13.8,PE,2022-07-25 23:46:51
189,Hambantota,6.1241,81.1185,78.17,85,100,11.07,LK,2022-07-25 23:46:54
190,Healesville,-37.65,145.5167,50.9,87,98,3.56,AU,2022-07-25 23:46:55
191,Pangai,-19.8,-174.35,80.71,61,20,14.97,TO,2022-07-25 23:46:55
192,Galesong,-5.3166,119.3661,73.42,73,43,5.03,ID,2022-07-25 23:46:56
193,Mahonda,-6.45,39.4667,73.51,75,67,17.16,TZ,2022-07-25 23:46:56
194,Georgetown,5.4112,100.3354,77.95,94,20,3.44,MY,2022-07-25 23:46:57
195,Cherskiy,68.75,161.3,54.14,42,91,9.86,RU,2022-07-25 23:46:57
196,Dondo,-19.6094,34.7431,71.11,87,96,5.82,MZ,2022-07-25 23:46:57
197,Tema,5.667,-0.0166,77.41,83,20,10.36,GH,2022-07-25 23:44:38
198,Torbay,47.6666,-52.7314,69.76,92,100,21.85,CA,2022-07-25 23:46:58
199,Gushikawa,26.3544,127.8686,85.23,89,0,8.05,JP,2022-07-25 23:46:58
200,Magan,39.9683,-3.931,87.28,20,0,4.85,ES,2022-07-25 23:46:59
201,Matagami,49.7502,-77.6328,59.11,88,100,9.22,CA,2022-07-25 23:46:59
202,Vieux-Habitants,16.0589,-61.7659,81.97,80,10,11.72,GP,2022-07-25 23:47:00
203,Van Buren,35.4368,-94.3483,103.19,31,0,11.5,US,2022-07-25 23:47:00
204,Shenjiamen,29.9576,122.298,80.78,83,62,14.0,CN,2022-07-25 23:47:00
205,Ostrow Mazowiecka,52.8024,21.8951,62.62,75,5,7.4,PL,2022-07-25 23:47:01
206,Aswan,24.0934,32.907,88.9,19,0,9.22,EG,2022-07-25 23:47:01
207,Victoria,22.2855,114.1577,88.25,76,49,8.99,HK,2022-07-25 23:42:13
208,Amalner,21.05,75.0667,76.73,85,100,4.63,IN,2022-07-25 23:47:02
209,Belyy Yar,53.6039,91.3903,57.09,88,40,2.24,RU,2022-07-25 23:47:02
210,Huanan,46.2167,130.5167,72.64,85,10,3.22,CN,2022-07-25 23:47:03
211,Ila,63.4305,10.3705,60.8,95,100,7.27,NO,2022-07-25 23:47:03
212,Fortuna,40.5982,-124.1573,74.93,66,42,3.0,US,2022-07-25 23:47:04
213,Tingo Maria,-9.2895,-76.0088,69.82,93,67,1.83,PE,2022-07-25 23:47:04
214,Bandarbeyla,9.4942,50.8122,77.2,72,48,28.36,SO,2022-07-25 23:47:04
215,Cururupu,-1.8283,-44.8683,73.76,95,98,1.77,BR,2022-07-25 23:47:05
216,Cidreira,-30.1811,-50.2056,61.09,95,16,5.91,BR,2022-07-25 23:47:05
217,Esperance,-33.8667,121.9,51.84,57,51,19.62,AU,2022-07-25 23:47:06
218,Kalemie,-5.9475,29.1947,70.57,64,41,2.24,CD,2022-07-25 23:47:06
219,Port Macquarie,-31.4333,152.9167,60.89,63,5,5.86,AU,2022-07-25 23:47:07
220,Sokolo,14.7328,-6.1219,84.45,59,11,6.13,ML,2022-07-25 23:47:07
221,Ca Mau,9.1769,105.15,79.56,88,94,1.97,VN,2022-07-25 23:47:08
222,Quatre Cocos,-20.2078,57.7625,68.11,80,35,10.74,MU,2022-07-25 23:47:08
223,Nambucca Heads,-30.65,153.0,66.2,58,0,1.19,AU,2022-07-25 23:47:08
224,Bar Harbor,44.3876,-68.2039,73.94,90,100,11.21,US,2022-07-25 23:47:09
225,Touros,-5.1989,-35.4608,74.14,78,70,14.16,BR,2022-07-25 23:47:10
226,Ukiah,39.1502,-123.2078,99.64,30,0,8.05,US,2022-07-25 23:43:58
227,Ribeira Grande,38.5167,-28.7,74.84,88,15,5.19,PT,2022-07-25 23:44:22
228,Navirai,-23.065,-54.1906,71.78,42,5,5.93,BR,2022-07-25 23:47:11
229,Marsa Matruh,31.3525,27.2453,77.2,83,0,9.22,EG,2022-07-25 23:47:11
230,College,64.8569,-147.8028,73.38,53,75,13.8,US,2022-07-25 23:46:42
231,Grindavik,63.8424,-22.4338,51.75,87,75,5.75,IS,2022-07-25 23:43:31
232,Strezhevoy,60.7333,77.5889,57.63,92,86,4.54,RU,2022-07-25 23:48:12
233,Shitanjing,39.2342,106.3439,68.43,55,81,3.98,CN,2022-07-25 23:48:13
234,Tabou,4.423,-7.3528,73.74,77,5,5.32,CI,2022-07-25 23:48:13
235,San Patricio,28.017,-97.5169,93.92,53,14,18.1,US,2022-07-25 23:48:14
236,Moron,-34.6534,-58.6198,61.97,99,100,8.01,AR,2022-07-25 23:48:14
237,La Peca,-5.6111,-78.435,69.71,85,55,4.29,PE,2022-07-25 23:48:15
238,Adrar,20.5022,-10.0711,92.68,30,53,7.92,MR,2022-07-25 23:48:15
239,Zhangjiakou,40.81,114.8794,73.2,75,74,7.34,CN,2022-07-25 23:46:36
240,Watertown,42.3709,-71.1828,87.94,62,40,17.27,US,2022-07-25 23:45:49
241,Kununurra,-15.7667,128.7333,67.98,40,10,1.14,AU,2022-07-25 23:48:16
242,Sola,-13.8833,167.55,79.93,78,1,10.85,VU,2022-07-25 23:47:49
243,Puerto Ayacucho,5.6639,-67.6236,73.33,94,92,2.64,VE,2022-07-25 23:46:49
244,Gamba,-2.65,10.0,71.82,86,86,4.76,GA,2022-07-25 23:48:04
245,Constitucion,-35.3333,-72.4167,53.13,91,100,20.6,CL,2022-07-25 23:45:57
246,Bogorodskoye,56.55,37.8833,62.17,97,80,4.72,RU,2022-07-25 23:48:18
247,Saint-Philippe,-21.3585,55.7679,65.21,81,32,9.78,RE,2022-07-25 23:44:22
248,Konstantinovka,49.6167,127.9833,80.71,55,3,3.02,RU,2022-07-25 23:48:19
249,Boden,65.8252,21.6886,62.6,98,100,7.14,SE,2022-07-25 23:48:19
250,Sibenik,43.7272,15.9058,79.38,65,0,3.09,HR,2022-07-25 23:48:19
251,Riyadh,24.6877,46.7219,93.34,19,80,8.99,SA,2022-07-25 23:48:20
252,Sur,22.5667,59.5289,84.09,75,100,5.06,OM,2022-07-25 23:48:21
253,Kibakwe,-6.7167,36.3667,57.45,79,3,4.43,TZ,2022-07-25 23:48:21
254,The Colony,33.089,-96.8864,104.05,30,52,5.99,US,2022-07-25 23:48:22
255,Naryan-Mar,67.6713,53.087,47.25,93,100,20.13,RU,2022-07-25 23:48:22
256,Viedma,-40.8135,-62.9967,47.52,93,100,9.82,AR,2022-07-25 23:48:22
257,Lisakovsk,52.5369,62.4936,70.95,49,98,14.52,KZ,2022-07-25 23:48:23
258,Kosh-Agach,50.0,88.6667,48.11,63,76,2.44,RU,2022-07-25 23:48:23
259,Vidim,56.4088,103.1106,54.97,99,100,13.87,RU,2022-07-25 23:48:24
260,Taxco,18.55,-99.6,77.83,78,87,2.66,MX,2022-07-25 23:48:25
261,Nemuro,43.3236,145.575,64.89,85,6,4.94,JP,2022-07-25 23:48:25
262,Kautokeino,69.0125,23.0412,50.56,96,99,5.55,NO,2022-07-25 23:48:25
263,Troitskoye,52.9821,84.6757,56.52,79,28,1.66,RU,2022-07-25 23:48:26
264,Broome,42.2506,-75.833,76.64,70,0,8.05,US,2022-07-25 23:46:38
265,Sortland,68.6949,15.4162,57.16,86,54,5.28,NO,2022-07-25 23:48:27
266,Arraial Do Cabo,-22.9661,-42.0278,71.56,78,0,13.8,BR,2022-07-25 23:48:27
267,Vikulovo,56.8167,70.6107,63.54,94,11,6.46,RU,2022-07-25 23:48:28
268,Owando,-0.4819,15.8999,70.29,95,76,2.62,CG,2022-07-25 23:48:28
269,Tuktoyaktuk,69.4541,-133.0374,60.8,72,40,16.11,CA,2022-07-25 23:48:29
270,Tromso,69.6496,18.957,55.42,82,75,2.3,NO,2022-07-25 23:48:29
271,Greensburg,40.3015,-79.5389,79.18,67,98,6.42,US,2022-07-25 23:48:26
272,Codrington,-38.2667,141.9667,51.96,61,92,22.41,AU,2022-07-25 23:48:30
273,Risor,58.7206,9.2342,61.29,81,5,15.1,NO,2022-07-25 23:48:30
274,Staraya Poltavka,50.4772,46.4814,64.09,83,84,2.06,RU,2022-07-25 23:48:31
275,Valdosta,30.8327,-83.2785,79.93,87,40,0.0,US,2022-07-25 23:46:55
276,Norman Wells,65.282,-126.8329,78.84,29,20,12.66,CA,2022-07-25 23:49:31
277,Mundwa,27.0667,73.8167,80.69,82,7,5.75,IN,2022-07-25 23:49:32
278,Saint-Leu,-21.15,55.2833,67.32,74,52,3.94,RE,2022-07-25 23:49:32
279,Bethel,41.3712,-73.414,83.03,84,0,6.91,US,2022-07-25 23:49:33
280,Moa,20.6569,-74.9403,80.89,82,100,11.86,CU,2022-07-25 23:49:33
281,Airai,-8.9266,125.4092,64.69,52,30,3.65,TL,2022-07-25 23:47:00
282,Zaria,11.1113,7.7227,69.55,91,100,8.23,NG,2022-07-25 23:49:34
283,Waipawa,-41.4122,175.5153,52.66,97,100,12.37,NZ,2022-07-25 23:49:34
284,Ginir,7.1333,40.7,58.05,68,58,15.17,ET,2022-07-25 23:49:35
285,Naze,28.3667,129.4833,83.32,74,9,3.24,JP,2022-07-25 23:49:35
286,Lake City,30.1897,-82.6393,86.05,66,100,3.44,US,2022-07-25 23:48:55
287,Fairbanks,64.8378,-147.7164,73.4,52,75,13.8,US,2022-07-25 23:47:08
288,Bone,51.9669,12.1396,67.89,79,75,7.43,DE,2022-07-25 23:49:36
289,Maragogi,-9.0122,-35.2225,73.13,82,26,11.61,BR,2022-07-25 23:47:12
290,Mareeba,-17.0,145.4333,72.48,79,0,4.9,AU,2022-07-25 23:47:51
291,Elliot,-31.3333,27.85,40.21,46,0,6.98,ZA,2022-07-25 23:49:38
292,Luang Prabang,19.8856,102.1347,74.01,98,75,0.34,LA,2022-07-25 23:47:26
293,Te Anau,-45.4167,167.7167,40.91,98,100,2.26,NZ,2022-07-25 23:49:38
294,Conde,-7.2597,-34.9075,72.86,94,40,8.05,BR,2022-07-25 23:49:39
295,Vila Velha,-20.3297,-40.2925,71.55,88,20,4.61,BR,2022-07-25 23:49:39
296,Jalu,29.0331,21.5482,83.79,22,0,11.63,LY,2022-07-25 23:49:39
297,Misratah,32.3754,15.0925,80.8,74,0,7.65,LY,2022-07-25 23:49:40
298,Marrakesh,31.6315,-8.0083,93.27,22,40,3.44,MA,2022-07-25 23:45:36
299,Kedrovyy,56.1667,91.8167,54.01,98,100,5.08,RU,2022-07-25 23:49:41
300,Kavaratti,10.5669,72.642,81.48,76,50,16.55,IN,2022-07-25 23:49:41
301,Ranfurly,-45.1333,170.1,44.11,92,100,6.67,NZ,2022-07-25 23:49:41
302,Severo-Kurilsk,50.6789,156.125,54.03,83,90,9.93,RU,2022-07-25 23:49:42
303,Imuris,30.7833,-110.8667,87.04,50,46,14.52,MX,2022-07-25 23:49:42
304,Edmonton,53.5501,-113.4687,72.86,59,75,6.91,CA,2022-07-25 23:45:30
305,Owings Mills,39.4196,-76.7803,81.16,83,85,6.96,US,2022-07-25 23:46:02
306,Hofn,64.2539,-15.2082,51.01,89,72,2.73,IS,2022-07-25 23:46:50
307,Pisco,-13.7,-76.2167,62.65,82,40,10.36,PE,2022-07-25 23:49:43
308,Huntington,38.4193,-82.4452,81.73,83,0,3.44,US,2022-07-25 23:49:21
309,Yarmouth,41.7057,-70.2286,80.71,89,100,19.57,US,2022-07-25 23:49:44
310,Tyret Pervaya,53.6703,102.3106,53.2,93,100,12.91,RU,2022-07-25 23:49:44
311,Bethanien,-26.502,17.1583,57.11,43,0,5.53,NA,2022-07-25 23:49:45
312,Yeppoon,-23.1333,150.7333,60.58,74,0,1.07,AU,2022-07-25 23:49:45
313,Denpasar,-8.65,115.2167,74.86,83,40,3.44,ID,2022-07-25 23:47:23
314,Ratangarh,28.0833,74.6,83.05,74,83,10.07,IN,2022-07-25 23:49:46
315,Prado,-17.3411,-39.2208,70.92,83,52,6.4,BR,2022-07-25 23:49:47
316,Iquitos,-3.7481,-73.2472,78.84,94,75,1.14,PE,2022-07-25 23:49:47
317,Lompoc,34.6391,-120.4579,85.01,73,0,16.11,US,2022-07-25 23:49:47
318,Kampot,10.6167,104.1833,78.85,85,74,3.02,KH,2022-07-25 23:49:48
319,Gravdal,68.1214,13.5031,56.1,84,80,9.69,NO,2022-07-25 23:49:48
320,Ust-Kuyga,70.0167,135.6,75.97,49,99,3.49,RU,2022-07-25 23:49:49
321,Vysokogornyy,50.1167,139.15,65.39,94,97,3.65,RU,2022-07-25 23:49:49
322,Kavieng,-2.5744,150.7967,82.9,78,40,16.71,PG,2022-07-25 23:49:50
323,Bastia,42.6667,9.3333,82.2,82,0,4.61,FR,2022-07-25 23:49:50
324,Broken Hill,-31.95,141.4333,49.66,54,0,19.95,AU,2022-07-25 23:50:51
325,Keti Bandar,24.1447,67.4497,82.24,86,99,14.16,PK,2022-07-25 23:50:51
326,Gwanda,-20.9333,29.0,53.2,85,37,7.61,ZW,2022-07-25 23:50:52
327,Coihaique,-45.5752,-72.0662,28.35,93,20,4.61,CL,2022-07-25 23:47:01
328,Ankang,32.68,109.0172,82.67,74,0,1.81,CN,2022-07-25 23:50:52
329,Ouadda,8.0777,22.4007,67.96,96,67,1.59,CF,2022-07-25 23:50:53
330,China,25.7,-99.2333,94.95,35,69,28.07,MX,2022-07-25 23:50:53
331,Guerrero Negro,27.9769,-114.0611,75.33,64,0,16.46,MX,2022-07-25 23:50:54
332,Yarim,14.298,44.3779,60.4,72,100,2.01,YE,2022-07-25 23:50:54
333,Gao,16.6362,1.637,94.59,32,60,13.87,ML,2022-07-25 23:50:55
334,Mahebourg,-20.4081,57.7,68.29,88,40,10.36,MU,2022-07-25 23:50:55
335,Cayenne,4.9333,-52.3333,83.08,3,0,2.3,GF,2022-07-25 23:50:56
336,Eresos,39.1667,25.9333,75.88,70,0,12.01,GR,2022-07-25 23:50:56
337,Namatanai,-3.6667,152.4333,82.27,75,30,8.63,PG,2022-07-25 23:50:57
338,Salalah,17.0151,54.0924,76.03,96,100,8.63,OM,2022-07-25 23:50:57
339,Port Hardy,50.6996,-127.4199,71.78,68,20,12.66,CA,2022-07-25 23:50:58
340,Mponela,-13.5319,33.7401,58.3,60,76,9.17,MW,2022-07-25 23:50:58
341,Kloulklubed,7.0419,134.2556,82.62,79,59,9.08,PW,2022-07-25 23:50:59
342,Teacapan,22.55,-105.75,85.93,70,84,10.33,MX,2022-07-25 23:50:59
343,Santa Ana,33.7456,-117.8678,94.24,64,40,12.66,US,2022-07-25 23:46:39
344,Axim,4.8699,-2.2405,74.46,85,71,8.68,GH,2022-07-25 23:51:00
345,Aripuana,-9.1667,-60.6333,76.37,43,53,2.15,BR,2022-07-25 23:51:00
346,Bubaque,11.2833,-15.8333,77.7,84,98,9.46,GW,2022-07-25 23:51:00
347,Lulea,65.5842,22.1547,62.67,94,20,9.22,SE,2022-07-25 23:51:01
348,Praia,14.9215,-23.5087,79.34,83,40,12.66,CV,2022-07-25 23:51:02
349,Nakhon Phanom,17.3333,104.4167,80.28,80,64,1.81,TH,2022-07-25 23:51:02
350,Fort Nelson,58.8053,-122.7002,74.79,41,75,6.91,CA,2022-07-25 23:51:02
351,Morada Nova,-5.1067,-38.3725,74.23,71,90,4.27,BR,2022-07-25 23:51:03
352,Dongsheng,39.8161,109.9776,66.92,79,99,11.45,CN,2022-07-25 23:51:03
353,Teruel,40.6667,-0.6667,60.33,64,0,2.21,ES,2022-07-25 23:51:04
354,Tres Lagoas,-20.7511,-51.6783,75.06,34,2,2.91,BR,2022-07-25 23:50:06
355,Fare,-16.7,-151.0167,78.37,73,64,11.41,PF,2022-07-25 23:51:05
356,Saint George,37.1041,-113.5841,72.19,83,75,6.91,US,2022-07-25 23:48:49
357,Presidente Epitacio,-21.7633,-52.1156,74.01,36,7,2.42,BR,2022-07-25 23:46:58
358,Pokhara,28.2333,83.9833,70.54,91,99,2.68,NP,2022-07-25 23:47:38
359,Santa Cruz Del Sur,20.7147,-77.9956,81.64,75,89,2.1,CU,2022-07-25 23:46:42
360,Dwarka,22.2394,68.9678,82.65,80,97,16.51,IN,2022-07-25 23:51:06
361,Beberibe,-4.1797,-38.1306,77.86,80,93,10.29,BR,2022-07-25 23:47:08
362,Sibu,2.3,111.8167,75.51,94,40,2.3,MY,2022-07-25 23:51:07
363,Tomatlan,19.9333,-105.25,79.86,87,100,2.66,MX,2022-07-25 23:51:07
364,Preobrazheniye,42.9019,133.9064,73.04,76,33,6.85,RU,2022-07-25 23:51:08
365,Porto Velho,-8.7619,-63.9039,80.65,57,0,0.0,BR,2022-07-25 23:51:08
366,Hami,42.8,93.45,81.95,20,14,8.03,CN,2022-07-25 23:51:09
367,Sorong,-0.8833,131.25,80.31,83,92,4.81,ID,2022-07-25 23:48:22
368,Portland,45.5234,-122.6762,102.51,33,0,10.36,US,2022-07-25 23:47:44
369,Zaysan,47.4667,84.8667,63.14,34,0,8.28,KZ,2022-07-25 23:51:10
370,Atar,20.5169,-13.0499,92.66,40,97,8.61,MR,2022-07-25 23:51:10
371,Hegang,47.4,130.3667,74.39,77,6,0.51,CN,2022-07-25 23:52:10
372,Ancud,-41.8697,-73.8203,46.04,93,100,7.56,CL,2022-07-25 23:52:11
373,Marawi,7.9986,124.2928,75.88,78,92,1.74,PH,2022-07-25 23:52:11
374,Diego De Almagro,-26.3667,-70.05,60.76,47,0,1.34,CL,2022-07-25 23:52:12
375,Oros,-6.2444,-38.9136,75.97,45,80,7.54,BR,2022-07-25 23:52:13
376,Mumbwa,-14.9783,27.0619,56.95,53,0,4.63,ZM,2022-07-25 23:52:13
377,Puerto Escondido,15.85,-97.0667,86.83,58,100,3.44,MX,2022-07-25 23:47:22
378,Leua,48.2156,18.6071,75.49,38,45,4.72,SK,2022-07-25 23:52:14
379,Peyima,8.7,-11.0333,68.38,99,82,1.48,SL,2022-07-25 23:52:14
380,Los Llanos De Aridane,28.6585,-17.9182,71.35,78,0,17.27,ES,2022-07-25 23:52:15
381,Hirara,24.8,125.2833,86.27,79,20,2.3,JP,2022-07-25 23:52:15
382,Nuevitas,21.5453,-77.2644,80.28,83,78,13.31,CU,2022-07-25 23:52:16
383,Ogbomosho,8.133,4.25,70.41,99,97,2.86,NG,2022-07-25 23:52:16
384,Sikeston,36.8767,-89.5879,82.44,74,0,6.91,US,2022-07-25 23:51:09
385,West Bay,19.3667,-81.4167,86.07,74,20,11.5,KY,2022-07-25 23:52:17
386,Varberg,57.1056,12.2508,63.23,92,59,14.47,SE,2022-07-25 23:52:18
387,Borogontsy,62.6683,131.1683,74.08,51,43,6.29,RU,2022-07-25 23:52:18
388,Labuhan,-6.8844,112.2051,73.63,78,53,7.87,ID,2022-07-25 23:52:19
389,Udachnyy,66.4167,112.4,71.46,77,59,6.4,RU,2022-07-25 23:52:19
390,Port Lincoln,-34.7333,135.8667,56.57,61,22,12.35,AU,2022-07-25 23:52:20
391,Zhigansk,66.7697,123.3711,69.37,55,28,1.01,RU,2022-07-25 23:52:21
392,Warren,39.4334,-84.1666,78.75,70,0,3.44,US,2022-07-25 23:48:57
393,Gazanjyk,39.2446,55.5154,80.2,54,91,4.54,TM,2022-07-25 23:52:21
394,Giyon,8.5333,37.9833,55.96,90,72,0.78,ET,2022-07-25 23:52:22
395,Malkangiri,18.35,81.9,74.82,97,100,2.37,IN,2022-07-25 23:52:22
396,Cap Malheureux,-19.9842,57.6142,66.47,78,5,3.0,MU,2022-07-25 23:52:23
397,Osorno,-40.5667,-73.15,52.11,76,100,12.66,CL,2022-07-25 23:52:23
398,Moshi,-3.35,37.3333,66.58,86,39,1.83,TZ,2022-07-25 23:52:24
399,Shahrud,36.4182,54.9763,69.06,69,83,12.91,IR,2022-07-25 23:52:24
400,Bowen,-20.0167,148.2333,69.76,67,70,8.43,AU,2022-07-25 23:52:25
401,Akdagmadeni,39.6603,35.8836,50.58,81,0,3.44,TR,2022-07-25 23:52:25
402,Malanje,-9.5402,16.341,66.9,30,1,1.21,AO,2022-07-25 23:52:25
403,Sao Joao Da Barra,-21.6403,-41.0511,71.15,82,2,12.39,BR,2022-07-25 23:51:02
404,Mount Isa,-20.7333,139.5,62.37,48,0,19.57,AU,2022-07-25 23:52:26
405,Dudinka,69.4058,86.1778,56.62,79,95,11.43,RU,2022-07-25 23:52:27
406,Santiago Del Estero,-27.7951,-64.2615,73.47,59,13,4.34,AR,2022-07-25 23:52:27
407,Sivaki,52.6333,126.75,79.52,53,63,4.21,RU,2022-07-25 23:52:28
408,Kovur,14.4833,79.9833,81.63,71,100,6.69,IN,2022-07-25 23:52:28
409,Port Blair,11.6667,92.75,81.16,81,96,8.05,IN,2022-07-25 23:52:29
410,Novikovo,51.1537,37.8879,62.56,92,100,5.79,RU,2022-07-25 23:52:29
411,Helena,46.5927,-112.0361,85.19,26,0,13.8,US,2022-07-25 23:48:10
412,Toora-Khem,52.4675,96.11,51.84,76,47,2.46,RU,2022-07-25 23:52:30
413,Alofi,-19.0595,-169.9187,76.89,57,75,13.8,NU,2022-07-25 23:52:30
414,Waterloo,43.4668,-80.5164,69.48,59,0,10.36,CA,2022-07-25 23:50:38
415,Okhotsk,59.3833,143.3,62.2,71,56,5.14,RU,2022-07-25 23:52:31
416,Banjarmasin,-3.3244,114.591,77.14,81,90,2.66,ID,2022-07-25 23:52:31
417,Sisimiut,66.9395,-53.6735,43.52,89,100,10.8,GL,2022-07-25 23:53:32
418,Roblin,51.23,-101.3565,54.05,97,100,8.46,CA,2022-07-25 23:53:32
419,Kurmanayevka,52.5093,52.0675,61.11,93,78,5.28,RU,2022-07-25 23:53:33
420,Can,40.0333,27.0524,65.43,88,0,2.84,TR,2022-07-25 23:53:33
421,Aizkraukle,56.6048,25.2553,57.7,89,72,4.41,LV,2022-07-25 23:53:33
422,Iracoubo,5.4802,-53.2011,78.85,85,96,7.92,GF,2022-07-25 23:53:34
423,Yekaterinoslavka,50.3734,129.1139,76.23,67,0,1.81,RU,2022-07-25 23:53:34
424,Indramayu,-6.3264,108.32,74.41,71,100,9.64,ID,2022-07-25 23:53:35
425,Orlik,52.5178,99.825,51.26,83,100,3.44,RU,2022-07-25 23:53:35
426,Emba,48.8264,58.1442,72.66,56,100,12.93,KZ,2022-07-25 23:53:35
427,Goya,-29.14,-59.2626,69.44,76,14,7.0,AR,2022-07-25 23:53:36
428,Nivala,63.9167,24.9667,64.69,78,100,8.61,FI,2022-07-25 23:53:36
429,Santa Rosa,14.3122,121.1114,85.08,80,99,2.39,PH,2022-07-25 23:53:37
430,Letterkenny,54.95,-7.7333,53.6,78,100,6.22,IE,2022-07-25 23:53:37
431,Kahului,20.8947,-156.47,87.82,62,40,23.02,US,2022-07-25 23:53:38
432,Sitka,57.0531,-135.33,57.99,97,100,2.1,US,2022-07-25 23:53:38
433,Kaniama,-7.5667,24.1833,72.14,34,21,6.76,CD,2022-07-25 23:53:38
434,Laela,-8.5667,32.05,55.44,77,44,3.74,TZ,2022-07-25 23:53:39
435,Ayagoz,47.9714,80.4392,59.56,41,0,9.44,KZ,2022-07-25 23:53:39
436,Nanortalik,60.1432,-45.2371,42.75,96,100,7.29,GL,2022-07-25 23:52:26
437,Puerto Maldonado,-12.6,-69.1833,74.26,91,94,2.15,PE,2022-07-25 23:53:40
438,Najran,17.4924,44.1277,77.65,43,100,4.92,SA,2022-07-25 23:53:40
439,Skala Fourkas,39.9998,23.3841,76.53,66,0,3.18,GR,2022-07-25 23:53:41
440,Chake Chake,-5.2459,39.7666,72.63,82,53,9.46,TZ,2022-07-25 23:53:42
441,Kemijarvi,66.7131,27.4306,58.42,79,100,6.58,FI,2022-07-25 23:53:42
442,Teguise,29.0605,-13.564,86.22,33,0,19.57,ES,2022-07-25 23:53:42
443,Alta Floresta,-9.8756,-56.0861,76.66,38,43,3.94,BR,2022-07-25 23:53:43
444,Sabang,5.8933,95.3214,80.13,78,100,9.89,ID,2022-07-25 23:53:43
445,Simpang,-1.2667,104.0833,73.24,97,100,2.3,ID,2022-07-25 23:53:44
446,Richards Bay,-28.783,32.0377,55.27,78,42,5.46,ZA,2022-07-25 23:53:44
447,Terney,45.0503,136.6092,76.28,67,1,1.99,RU,2022-07-25 23:53:45
448,Caconda,-13.7333,15.0667,57.92,38,35,1.79,AO,2022-07-25 23:53:45
449,Asasa,7.1,39.2,54.72,86,84,3.09,ET,2022-07-25 23:53:45
450,Nargana,9.4428,-78.5906,78.55,85,100,7.58,PA,2022-07-25 23:53:46
451,Nuuk,64.1835,-51.7216,43.88,87,82,5.01,GL,2022-07-25 23:53:46
452,Machali,-34.1833,-70.6667,51.28,89,100,1.57,CL,2022-07-25 23:53:47
453,Milton,34.1322,-84.3007,86.61,81,100,2.84,US,2022-07-25 23:53:47
454,Biltine,14.5333,20.9167,87.13,50,83,8.79,TD,2022-07-25 23:53:48
455,Yerbogachen,61.2767,108.0108,70.38,80,42,9.84,RU,2022-07-25 23:53:48
456,Yumen,40.2833,97.2,74.23,37,76,5.12,CN,2022-07-25 23:53:04
457,Zhanaozen,43.3,52.8,69.39,64,0,7.67,KZ,2022-07-25 23:53:49
458,Bridlington,54.0831,-0.1919,56.89,74,95,18.34,GB,2022-07-25 23:53:49
459,Kokopo,-4.352,152.2633,84.07,67,12,3.89,PG,2022-07-25 23:53:49
460,Russell,32.3502,-85.1999,87.08,71,87,3.51,US,2022-07-25 23:52:40
461,Antofagasta,-23.65,-70.4,58.28,83,19,4.65,CL,2022-07-25 23:53:50
462,Sitges,41.2351,1.8119,82.15,75,0,1.57,ES,2022-07-25 23:53:50
463,Socorro,31.6546,-106.3033,94.5,28,40,6.91,US,2022-07-25 23:53:51
464,Tefe,-3.3542,-64.7114,76.62,84,76,1.77,BR,2022-07-25 23:53:24
465,Boguchany,58.3814,97.4531,56.12,93,100,5.53,RU,2022-07-25 23:54:51
466,Ingham,42.6,-84.3833,73.85,56,0,8.05,US,2022-07-25 23:54:52
467,Maceio,-9.6658,-35.7353,72.84,88,75,4.61,BR,2022-07-25 23:53:56
468,Byron Bay,-28.65,153.6167,66.7,65,0,6.58,AU,2022-07-25 23:54:53
469,Chapais,49.7834,-74.8492,56.98,95,100,10.83,CA,2022-07-25 23:54:53
470,Kalabo,-14.97,22.6814,57.11,48,0,5.84,ZM,2022-07-25 23:54:54
471,San Francisco,37.7749,-122.4194,82.99,77,20,18.41,US,2022-07-25 23:51:45
472,Monroe,43.1501,-77.6831,72.59,59,35,3.0,US,2022-07-25 23:52:47
473,Wagga Wagga,-35.1167,147.3667,48.61,87,100,18.41,AU,2022-07-25 23:54:54
474,Stromness,58.965,-3.296,50.88,81,39,15.01,GB,2022-07-25 23:54:55
475,Inhambane,-23.865,35.3833,60.42,85,0,7.7,MZ,2022-07-25 23:53:31
476,Mount Hagen,-5.8581,144.2274,63.36,82,40,3.44,PG,2022-07-25 23:54:55
477,Bloemhof,-27.6469,25.607,48.63,27,0,7.11,ZA,2022-07-25 23:54:56
478,Vardo,70.3705,31.1107,53.58,87,100,10.36,NO,2022-07-25 23:54:57
479,Olga,43.7444,135.2892,77.47,68,5,2.39,RU,2022-07-25 23:54:57
480,Thunder Bay,48.4001,-89.3168,75.18,41,20,10.36,CA,2022-07-25 23:53:45
481,Ondarroa,43.3167,-2.4167,68.52,87,64,4.27,ES,2022-07-25 23:54:58
482,Samoded,63.6083,40.5111,51.53,96,66,3.47,RU,2022-07-25 23:54:58
483,Trincomalee,8.5711,81.2335,78.75,86,100,10.2,LK,2022-07-25 23:54:58
484,Placido De Castro,-10.3353,-67.1856,78.42,62,84,2.62,BR,2022-07-25 23:54:59
485,Shimanovsk,52.0,127.7,78.73,56,45,4.65,RU,2022-07-25 23:54:59
486,Honningsvag,70.9821,25.9704,51.55,100,100,2.3,NO,2022-07-25 23:55:00
487,Isangel,-19.55,169.2667,77.11,94,100,9.22,VU,2022-07-25 23:55:00
488,Isla Mujeres,21.2311,-86.731,87.17,74,71,9.15,MX,2022-07-25 23:55:01
489,Anastacio,-20.4836,-55.8069,76.57,35,5,3.56,BR,2022-07-25 23:55:01
490,Talnakh,69.4865,88.3972,56.21,72,70,7.11,RU,2022-07-25 23:55:01
491,Saldanha,-33.0117,17.9442,51.85,52,1,8.5,ZA,2022-07-25 23:55:02
492,Palmer,42.1584,-72.3287,79.92,74,75,4.61,US,2022-07-25 23:55:02
493,Barra Patuca,15.8,-84.2833,79.47,80,64,5.99,HN,2022-07-25 23:55:03
494,Verkhnevilyuysk,63.4453,120.3167,76.37,59,20,7.07,RU,2022-07-25 23:55:03
495,Eureka,40.8021,-124.1637,75.2,77,54,5.99,US,2022-07-25 23:52:38
496,Agadez,19.75,10.25,87.35,17,5,11.48,NE,2022-07-25 23:55:04
497,Gazojak,41.1875,61.4036,82.51,38,34,22.66,TM,2022-07-25 23:55:04
498,Boyolangu,-8.1181,111.8935,71.64,84,49,1.34,ID,2022-07-25 23:53:16
499,Greytown,-29.0642,30.5928,38.44,93,2,1.57,ZA,2022-07-25 23:55:05
500,Tooele,40.5308,-112.2983,94.89,31,0,10.36,US,2022-07-25 23:51:03
501,Pontes E Lacerda,-15.2261,-59.3353,76.55,38,29,4.14,BR,2022-07-25 23:55:06
502,Georgiyevka,43.0369,74.7114,69.84,56,0,6.71,KZ,2022-07-25 23:55:06
503,Priargunsk,50.3691,119.1012,69.19,83,98,10.51,RU,2022-07-25 23:55:06
504,Newport,51.5877,-2.9984,60.82,82,13,7.72,GB,2022-07-25 23:55:07
505,Bondo,3.8146,23.6866,69.03,97,99,2.33,CD,2022-07-25 23:55:07
506,Raudeberg,61.9875,5.1352,56.95,85,97,21.81,NO,2022-07-25 23:55:08
507,Laguna,38.421,-121.4238,99.14,34,0,11.5,US,2022-07-25 23:55:08
508,Tank,32.2217,70.3793,86.27,70,94,2.93,PK,2022-07-25 23:55:09
509,Garissa,-0.4536,39.6401,70.92,81,46,16.98,KE,2022-07-25 23:55:09
510,Longonjo,-12.9067,15.2533,60.06,37,24,2.44,AO,2022-07-25 23:55:09
511,Kizilskoye,52.7255,58.8937,62.71,70,81,7.4,RU,2022-07-25 23:56:10
512,Kholodnyy,62.7167,147.95,69.6,41,19,1.9,RU,2022-07-25 23:56:10
513,Ahipara,-35.1667,173.1667,56.61,88,87,22.88,NZ,2022-07-25 23:56:11
514,Cabedelo,-6.9811,-34.8339,74.07,83,51,13.15,BR,2022-07-25 23:56:11
515,Requena,39.4883,-1.1004,73.8,65,8,3.31,ES,2022-07-25 23:56:12
516,Mishan,45.55,131.8833,74.01,81,8,3.62,CN,2022-07-25 23:56:12
517,Nicoya,10.1483,-85.452,76.64,84,81,1.54,CR,2022-07-25 23:56:13
518,Mandalgovi,45.7625,106.2708,60.93,61,88,6.4,MN,2022-07-25 23:56:13
519,Enshi,30.3,109.4833,78.66,93,17,0.4,CN,2022-07-25 23:56:13
520,Muros,42.7762,-9.0603,61.0,90,10,8.41,ES,2022-07-25 23:56:14
521,Wollongong,-34.4333,150.8833,61.93,94,79,8.77,AU,2022-07-25 23:56:14
522,Talara,-4.5772,-81.2719,68.76,77,0,17.27,PE,2022-07-25 23:56:15
523,Ushumun,52.7833,126.5333,79.57,52,57,4.21,RU,2022-07-25 23:56:15
524,Vao,-22.6667,167.4833,69.33,68,44,13.96,NC,2022-07-25 23:53:29
525,La Mata,8.0833,-80.8833,75.45,89,99,3.06,PA,2022-07-25 23:56:16
526,Luderitz,-26.6481,15.1594,55.6,84,33,11.18,NA,2022-07-25 23:56:16
527,Port Hedland,-20.3167,118.5667,59.05,51,30,6.91,AU,2022-07-25 23:51:43
528,Honiara,-9.4333,159.95,87.55,60,11,8.57,SB,2022-07-25 23:56:17
529,Kalmunai,7.4167,81.8167,79.72,79,100,3.53,LK,2022-07-25 23:56:17
530,Sao Jose De Mipibu,-6.0747,-35.2378,75.07,88,0,9.22,BR,2022-07-25 23:54:16
531,Torrington,41.8007,-73.1212,81.68,85,75,1.99,US,2022-07-25 23:55:05
532,Bonthe,7.5264,-12.505,74.95,78,83,5.64,SL,2022-07-25 23:56:18
533,San Cristobal,7.7669,-72.225,77.18,98,40,2.39,VE,2022-07-25 23:56:19
534,Puerto Del Rosario,28.5004,-13.8627,80.35,61,0,16.11,ES,2022-07-25 23:56:19
535,Rio Esteban,15.8333,-86.3,86.05,87,89,7.54,HN,2022-07-25 23:56:20
536,Kenora,49.8167,-94.4337,72.57,53,75,12.66,CA,2022-07-25 23:56:20
537,Contai,21.7786,87.7536,78.89,89,93,5.19,IN,2022-07-25 23:56:21
538,Tiarei,-17.5333,-149.3333,82.42,85,59,9.6,PF,2022-07-25 23:56:21
539,Comodoro Rivadavia,-45.8667,-67.5,40.86,81,75,3.44,AR,2022-07-25 23:56:22
540,San Carlos Del Zulia,9.0,-71.9135,79.47,78,6,5.57,VE,2022-07-25 23:56:22
541,Cristalina,-16.7686,-47.6136,60.76,51,0,4.68,BR,2022-07-25 23:56:23
542,Tukrah,32.5341,20.5791,78.15,85,0,5.5,LY,2022-07-25 23:56:23
543,Kharan,28.5833,65.4167,84.0,61,100,6.24,PK,2022-07-25 23:56:23
544,Snyder,32.7179,-100.9176,101.32,15,0,9.22,US,2022-07-25 23:56:24
545,Taunggyi,20.7833,97.0333,64.4,93,7,0.94,MM,2022-07-25 23:56:24
546,Mindelo,16.8901,-24.9804,78.35,83,20,12.66,CV,2022-07-25 23:56:25
547,Guaruja,-23.9931,-46.2564,66.16,82,68,2.3,BR,2022-07-25 23:55:05
548,Usinsk,65.9939,57.5281,49.51,74,100,19.69,RU,2022-07-25 23:56:25
549,Takoradi,4.8845,-1.7554,74.17,88,82,8.21,GH,2022-07-25 23:56:26
550,Kamaishi,39.2667,141.8833,77.67,89,63,3.58,JP,2022-07-25 23:56:26
551,Cockburn Town,21.4612,-71.1419,81.88,85,36,22.93,TC,2022-07-25 23:56:27
552,Aktash,50.3,87.7333,39.31,81,6,1.23,RU,2022-07-25 23:56:27
553,Babu,24.4167,111.5167,85.12,71,2,2.53,CN,2022-07-25 23:56:27
554,Henties Bay,-22.116,14.2845,54.37,94,34,4.99,NA,2022-07-25 23:56:28
555,Cortes,41.9395,-1.4396,69.85,71,0,20.07,ES,2022-07-25 23:56:28
556,Gimli,50.6336,-96.9907,71.46,72,76,6.2,CA,2022-07-25 23:56:29
557,Nekhayevskiy,50.4106,41.7561,61.45,95,66,5.66,RU,2022-07-25 23:56:29
558,Jardim,-21.4803,-56.1381,74.25,37,3,2.93,BR,2022-07-25 23:56:29
559,Bilibino,68.0546,166.4372,53.47,44,44,8.86,RU,2022-07-25 23:57:30
560,Puerto El Triunfo,13.2833,-88.55,81.45,78,100,6.78,SV,2022-07-25 23:57:30
